<?xml version="1.0"?>
<!--
  ~ Copyright 2021 ThoughtWorks, Inc.
  ~
  ~ Licensed under the Apache License, Version 2.0 (the "License");
  ~ you may not use this file except in compliance with the License.
  ~ You may obtain a copy of the License at
  ~
  ~     http://www.apache.org/licenses/LICENSE-2.0
  ~
  ~ Unless required by applicable law or agreed to in writing, software
  ~ distributed under the License is distributed on an "AS IS" BASIS,
  ~ WITHOUT WARRANTIES OR CONDITIONS OF ANY KIND, either express or implied.
  ~ See the License for the specific language governing permissions and
  ~ limitations under the License.
  -->

<!DOCTYPE Configure PUBLIC "-//Jetty//Configure//EN" "http://www.eclipse.org/jetty/configure.dtd">

<Configure id="Server" class="org.eclipse.jetty.server.Server">
    <!--Do not remove/modify the below line containing jetty version, else all your changes to this file will be reverted.-->
    <!--jetty-v9.4.8.v20171121-->
    <!-- =========================================================== -->
    <!-- Server Thread Pool                                          -->
    <!-- =========================================================== -->

    <!--<Get name="ThreadPool">-->
        <!--<Set name="minThreads" type="int"><Property name="jetty.threadPool.minThreads" deprecated="threads.min" default="10"/></Set>-->
        <!--<Set name="maxThreads" type="int"><Property name="jetty.threadPool.maxThreads" deprecated="threads.max" default="200"/></Set>-->
        <!--<Set name="idleTimeout" type="int"><Property name="jetty.threadPool.idleTimeout" deprecated="threads.timeout" default="60000"/></Set>-->
        <!--<Set name="detailedDump">false</Set>-->
    <!--</Get>-->

    <Get name="ThreadPool">
        <Set name="minThreads">20</Set>
        <Set name="maxThreads">300</Set>
        <!-- New Jetty QTP does not have these two properties below.
        <Set name="lowThreads">10</Set>
        <Set name="SpawnOrShrinkAt">2</Set>
        -->
    </Get>
    <Call name="setAttribute">
        <Arg>org.eclipse.jetty.server.Request.maxFormContentSize</Arg>
        <Arg>30000000</Arg>
    </Call>

    <Call name="addBean">
        <Arg>
            <New class="org.eclipse.jetty.server.LowResourceMonitor">
                <Arg><Ref id="Server"/></Arg>
                <Set name="period"><Property name="jetty.lowresources.period" default="1000"/></Set>
                <Set name="lowResourcesIdleTimeout"><Property name="jetty.lowresources.idleTimeout" default="500"/></Set>
                <Set name="monitorThreads"><Property name="jetty.lowresources.monitorThreads"  default="true"/></Set>
                <Set name="maxConnections"><Property name="jetty.lowresources.maxConnections"  default="0"/></Set>
                <Set name="maxMemory"><Property name="jetty.lowresources.maxMemory"  default="0"/></Set>
                <Set name="maxLowResourcesTime"><Property name="jetty.lowresources.maxLowResourcesTime" default="5000"/></Set>
            </New>
        </Arg>
    </Call>

    <!-- =========================================================== -->
    <!-- Logging                                                     -->
    <!-- =========================================================== -->
    <!-- To turn this on, set the log level for org.eclipse.jetty.server.RequestLog to INFO -->
    <Get name="handler">
        <Call name="addHandler">
            <Arg>
                <New class="org.eclipse.jetty.server.handler.RequestLogHandler">
                    <Set name="requestLog">
                        <New class="com.thoughtworks.go.server.logging.Slf4jRequestLogger">
                            <Set name="extended">false</Set>
                            <Set name="logCookies">false</Set>
                            <Set name="logLatency">true</Set>
                            <Set name="ignorePaths">
                              <Array type="java.lang.String">
                                <Item>/go/assets/*</Item>
                                <Item>/go/server/api/server_health_messages</Item>
                              </Array>
                            </Set>
                        </New>
                    </Set>
                </New>
            </Arg>
        </Call>
    </Get>
</Configure>
